customer_id,age,income,gender,city,signup_date,spending_score,loyalty_level
1,29,,FEMALE,Bukhara,2022-01-01,19,Low
2,55,2180.0,FEMALE,Bukhara,2022-01-02,13,Low
3,43,2832.0,male,Tashkent,2022-01-03,2,Low
4,29,4220.0,FEMALE,Samarkand,2022-01-04,56,High
5,34,642.0,Male,Bukhara,2022-01-05,82,Medium
6,48,4456.0,male,Bukhara,2022-01-06,65,Medium
7,52,3844.0,FEMALE,Bukhara,2022-01-07,56,Medium
8,30,3932.0,FEMALE,Bukhara,2022-01-08,88,Medium
9,57,3149.0,FEMALE,Samarkand,2022-01-09,44,High
10,51,821.0,FEMALE,Samarkand,2022-01-10,58,Medium
11,34,,male,Tashkent,2022-01-11,55,Low
12,53,3693.0,male,Bukhara,2022-01-12,44,Low
13,39,2737.0,Male,Samarkand,2022-01-13,33,Low
14,19,4336.0,Male,Tashkent,2022-01-14,40,Medium
15,24,3024.0,FEMALE,Tashkent,2022-01-15,73,High
16,47,1325.0,male,Tashkent,2022-01-16,55,Low
17,19,4779.0,Male,Samarkand,2022-01-17,71,Medium
18,30,1893.0,FEMALE,Samarkand,2022-01-18,39,High
19,34,3338.0,Male,Tashkent,2022-01-19,6,Low
20,45,4365.0,Male,Samarkand,2022-01-20,90,Medium
21,56,,male,Bukhara,2022-01-21,99,Low
22,49,4732.0,FEMALE,Bukhara,2022-01-22,41,Medium
23,19,4961.0,FEMALE,Bukhara,2022-01-23,29,High
24,42,2761.0,FEMALE,Tashkent,2022-01-24,78,Medium
25,34,3871.0,male,Bukhara,2022-01-25,25,Medium
26,25,705.0,Male,Tashkent,2022-01-26,83,Medium
27,27,3250.0,male,Samarkand,2022-01-27,38,Low
28,54,2565.0,Male,Tashkent,2022-01-28,89,Medium
29,47,3854.0,male,Tashkent,2022-01-29,16,High
30,33,2244.0,FEMALE,Bukhara,2022-01-30,26,Medium
31,27,,Male,Bukhara,2022-01-31,24,High
32,53,2749.0,FEMALE,Samarkand,2022-02-01,47,Medium
33,32,778.0,FEMALE,Bukhara,2022-02-02,13,Low
34,35,1533.0,FEMALE,Samarkand,2022-02-03,47,Low
35,31,924.0,Male,Bukhara,2022-02-04,95,Medium
36,53,3629.0,male,Tashkent,2022-02-05,34,Medium
37,42,3996.0,FEMALE,Bukhara,2022-02-06,79,High
38,59,1748.0,male,Samarkand,2022-02-07,83,High
39,27,3111.0,male,Samarkand,2022-02-08,72,Low
40,20,4457.0,male,Bukhara,2022-02-09,84,Medium
41,42,,Male,Samarkand,2022-02-10,41,High
42,27,2401.0,Male,Samarkand,2022-02-11,9,Low
43,46,1658.0,FEMALE,Bukhara,2022-02-12,9,Low
44,44,2333.0,FEMALE,Bukhara,2022-02-13,77,Medium
45,19,3191.0,FEMALE,Samarkand,2022-02-14,28,Low
46,31,4456.0,male,Bukhara,2022-02-15,18,Medium
47,50,3667.0,FEMALE,Tashkent,2022-02-16,93,Low
48,25,3933.0,Male,Samarkand,2022-02-17,21,High
49,25,2833.0,Male,Bukhara,2022-02-18,30,Low
50,39,4397.0,male,Samarkand,2022-02-19,78,High
51,18,,Male,Bukhara,2022-02-20,72,Low
52,20,4528.0,FEMALE,Bukhara,2022-02-21,27,Medium
53,58,2433.0,male,Tashkent,2022-02-22,35,Low
54,50,4288.0,FEMALE,Samarkand,2022-02-23,11,Medium
55,46,2122.0,male,Samarkand,2022-02-24,86,Low
56,51,1560.0,Male,Tashkent,2022-02-25,39,Medium
57,43,3965.0,FEMALE,Bukhara,2022-02-26,34,High
58,56,1976.0,Male,Bukhara,2022-02-27,42,Low
59,42,3729.0,FEMALE,Tashkent,2022-02-28,27,Medium
60,39,557.0,FEMALE,Samarkand,2022-03-01,37,Low
61,34,,male,Tashkent,2022-03-02,9,Medium
62,20,3203.0,male,Samarkand,2022-03-03,43,Medium
63,24,2141.0,male,Samarkand,2022-03-04,14,High
64,30,2604.0,male,Samarkand,2022-03-05,98,Medium
65,45,2620.0,male,Bukhara,2022-03-06,22,Medium
66,30,3740.0,male,Tashkent,2022-03-07,21,Medium
67,47,3560.0,Male,Samarkand,2022-03-08,56,High
68,42,939.0,FEMALE,Bukhara,2022-03-09,61,High
69,21,741.0,male,Samarkand,2022-03-10,55,High
70,21,3130.0,FEMALE,Bukhara,2022-03-11,32,Low
71,47,,male,Samarkand,2022-03-12,43,Low
72,45,791.0,Male,Samarkand,2022-03-13,91,High
73,39,2745.0,FEMALE,Tashkent,2022-03-14,51,Low
74,55,2549.0,male,Samarkand,2022-03-15,57,High
75,18,4638.0,Male,Bukhara,2022-03-16,61,High
76,34,2625.0,male,Tashkent,2022-03-17,51,High
77,35,1879.0,FEMALE,Bukhara,2022-03-18,36,High
78,22,3098.0,male,Bukhara,2022-03-19,6,Medium
79,25,698.0,FEMALE,Bukhara,2022-03-20,27,High
80,44,3642.0,male,Samarkand,2022-03-21,79,Low
81,49,,Male,Bukhara,2022-03-22,90,Medium
82,37,2891.0,FEMALE,Samarkand,2022-03-23,92,Low
83,41,4326.0,male,Tashkent,2022-03-24,26,High
84,43,4927.0,male,Bukhara,2022-03-25,73,High
85,42,604.0,FEMALE,Bukhara,2022-03-26,31,Medium
86,27,4459.0,FEMALE,Bukhara,2022-03-27,13,High
87,21,2959.0,Male,Samarkand,2022-03-28,14,Low
88,32,2375.0,FEMALE,Tashkent,2022-03-29,67,Low
89,47,2783.0,FEMALE,Bukhara,2022-03-30,39,Low
90,49,2002.0,FEMALE,Bukhara,2022-03-31,92,High
91,51,,male,Bukhara,2022-04-01,51,Low
92,55,4001.0,Male,Tashkent,2022-04-02,81,High
93,46,4889.0,FEMALE,Tashkent,2022-04-03,39,Medium
94,19,2281.0,male,Bukhara,2022-04-04,59,Medium
95,42,4132.0,male,Tashkent,2022-04-05,25,Low
96,55,2363.0,FEMALE,Bukhara,2022-04-06,86,Low
97,26,4339.0,Male,Samarkand,2022-04-07,90,Low
98,21,4316.0,male,Tashkent,2022-04-08,25,High
99,20,1019.0,FEMALE,Samarkand,2022-04-09,19,Medium
100,38,2798.0,male,Samarkand,2022-04-10,77,High
101,55,,Male,Samarkand,2022-04-11,90,Low
102,54,2530.0,male,Bukhara,2022-04-12,18,Medium
103,29,1825.0,male,Bukhara,2022-04-13,11,High
104,19,4743.0,male,Tashkent,2022-04-14,45,Medium
105,48,1458.0,Male,Tashkent,2022-04-15,70,Medium
106,21,503.0,male,Bukhara,2022-04-16,76,Medium
107,40,3163.0,Male,Samarkand,2022-04-17,75,Medium
108,18,3029.0,FEMALE,Bukhara,2022-04-18,60,High
109,58,926.0,Male,Bukhara,2022-04-19,96,High
110,37,2881.0,Male,Tashkent,2022-04-20,47,High
111,49,,Male,Samarkand,2022-04-21,57,Medium
112,39,2612.0,Male,Samarkand,2022-04-22,56,Medium
113,45,3993.0,FEMALE,Bukhara,2022-04-23,79,Medium
114,26,4596.0,FEMALE,Bukhara,2022-04-24,45,Low
115,50,4343.0,male,Samarkand,2022-04-25,16,High
116,52,1149.0,Male,Samarkand,2022-04-26,85,High
117,26,1334.0,Male,Tashkent,2022-04-27,34,High
118,53,4755.0,male,Bukhara,2022-04-28,3,High
119,58,1223.0,Male,Bukhara,2022-04-29,66,Medium
120,52,599.0,FEMALE,Bukhara,2022-04-30,71,Medium
121,44,,FEMALE,Samarkand,2022-05-01,10,Low
122,45,3957.0,Male,Tashkent,2022-05-02,19,Medium
123,40,4469.0,male,Tashkent,2022-05-03,83,Low
124,31,3125.0,FEMALE,Samarkand,2022-05-04,29,Low
125,36,4657.0,male,Tashkent,2022-05-05,81,Medium
126,57,2402.0,Male,Bukhara,2022-05-06,39,High
127,25,669.0,Male,Tashkent,2022-05-07,94,Low
128,54,3022.0,FEMALE,Samarkand,2022-05-08,17,Medium
129,32,1152.0,male,Tashkent,2022-05-09,60,High
130,20,1325.0,Male,Samarkand,2022-05-10,86,High
131,34,,male,Samarkand,2022-05-11,76,High
132,38,1585.0,FEMALE,Bukhara,2022-05-12,26,Low
133,21,4403.0,FEMALE,Bukhara,2022-05-13,22,Medium
134,19,573.0,male,Tashkent,2022-05-14,2,High
135,57,4464.0,FEMALE,Samarkand,2022-05-15,71,Low
136,38,890.0,male,Samarkand,2022-05-16,6,Low
137,25,4442.0,FEMALE,Samarkand,2022-05-17,68,Medium
138,59,3731.0,Male,Samarkand,2022-05-18,55,Medium
139,52,615.0,FEMALE,Bukhara,2022-05-19,12,Low
140,27,2671.0,male,Bukhara,2022-05-20,2,High
141,46,,Male,Samarkand,2022-05-21,89,Medium
142,19,1821.0,male,Tashkent,2022-05-22,63,Low
143,59,4451.0,FEMALE,Samarkand,2022-05-23,99,Low
144,59,2230.0,male,Samarkand,2022-05-24,72,Medium
145,57,1041.0,Male,Samarkand,2022-05-25,93,Low
146,52,2861.0,Male,Bukhara,2022-05-26,73,Low
147,37,4366.0,FEMALE,Bukhara,2022-05-27,81,Low
148,25,970.0,Male,Bukhara,2022-05-28,24,Low
149,19,4556.0,male,Tashkent,2022-05-29,73,Low
150,30,524.0,FEMALE,Bukhara,2022-05-30,20,Medium
151,32,,FEMALE,Tashkent,2022-05-31,53,Low
152,47,811.0,Male,Tashkent,2022-06-01,9,High
153,40,3281.0,Male,Bukhara,2022-06-02,55,Low
154,31,1750.0,FEMALE,Bukhara,2022-06-03,62,Medium
155,30,3196.0,Male,Samarkand,2022-06-04,40,Medium
156,25,3718.0,Male,Bukhara,2022-06-05,52,Low
157,26,3238.0,FEMALE,Bukhara,2022-06-06,91,Medium
158,42,1517.0,male,Bukhara,2022-06-07,35,Low
159,58,2901.0,FEMALE,Samarkand,2022-06-08,12,High
160,24,2172.0,FEMALE,Samarkand,2022-06-09,68,High
161,25,,FEMALE,Tashkent,2022-06-10,39,Medium
162,22,1051.0,male,Tashkent,2022-06-11,38,Low
163,30,3882.0,FEMALE,Samarkand,2022-06-12,51,Low
164,28,4948.0,male,Samarkand,2022-06-13,85,High
165,36,2723.0,male,Bukhara,2022-06-14,58,Low
166,21,3985.0,Male,Tashkent,2022-06-15,45,Low
167,49,3767.0,FEMALE,Tashkent,2022-06-16,27,Medium
168,56,532.0,male,Tashkent,2022-06-17,22,High
169,25,2326.0,male,Bukhara,2022-06-18,44,Medium
170,19,1095.0,male,Samarkand,2022-06-19,1,Medium
171,28,,male,Tashkent,2022-06-20,85,High
172,58,808.0,FEMALE,Samarkand,2022-06-21,45,Low
173,37,2231.0,FEMALE,Bukhara,2022-06-22,5,Low
174,28,1985.0,Male,Tashkent,2022-06-23,65,Medium
175,29,1179.0,Male,Samarkand,2022-06-24,24,Low
176,36,1376.0,Male,Tashkent,2022-06-25,87,Low
177,44,507.0,male,Tashkent,2022-06-26,87,High
178,18,4961.0,male,Bukhara,2022-06-27,60,Medium
179,30,3722.0,male,Bukhara,2022-06-28,83,Low
180,57,2800.0,FEMALE,Bukhara,2022-06-29,1,High
181,30,,FEMALE,Tashkent,2022-06-30,44,High
182,39,749.0,male,Tashkent,2022-07-01,13,Medium
183,35,1130.0,FEMALE,Bukhara,2022-07-02,49,High
184,41,4669.0,FEMALE,Tashkent,2022-07-03,57,Medium
185,58,4931.0,male,Samarkand,2022-07-04,37,High
186,39,4798.0,Male,Tashkent,2022-07-05,44,Medium
187,36,3099.0,male,Samarkand,2022-07-06,37,Medium
188,57,3153.0,Male,Tashkent,2022-07-07,31,High
189,21,1090.0,Male,Tashkent,2022-07-08,45,High
190,46,1286.0,FEMALE,Samarkand,2022-07-09,10,High
191,30,,Male,Tashkent,2022-07-10,23,High
192,24,1499.0,FEMALE,Tashkent,2022-07-11,53,High
193,53,1895.0,male,Tashkent,2022-07-12,61,Low
194,26,4619.0,FEMALE,Bukhara,2022-07-13,8,High
195,58,2084.0,FEMALE,Bukhara,2022-07-14,63,Medium
196,22,4761.0,FEMALE,Bukhara,2022-07-15,60,Low
197,25,2800.0,Male,Samarkand,2022-07-16,71,Medium
198,44,4101.0,Male,Tashkent,2022-07-17,78,Low
199,40,2755.0,male,Bukhara,2022-07-18,91,High
200,41,3757.0,FEMALE,Tashkent,2022-07-19,1,Medium
201,56,,FEMALE,Bukhara,2022-07-20,77,High
202,23,3067.0,Male,Samarkand,2022-07-21,27,Low
203,36,1900.0,male,Tashkent,2022-07-22,33,Low
204,46,2814.0,FEMALE,Bukhara,2022-07-23,13,Medium
205,25,1137.0,male,Samarkand,2022-07-24,61,High
206,19,746.0,Male,Tashkent,2022-07-25,30,Low
207,48,2443.0,FEMALE,Tashkent,2022-07-26,87,Low
208,28,1640.0,male,Tashkent,2022-07-27,19,Medium
209,37,3527.0,FEMALE,Samarkand,2022-07-28,10,Medium
210,27,4970.0,FEMALE,Bukhara,2022-07-29,34,Low
211,42,,FEMALE,Bukhara,2022-07-30,26,Low
212,22,4232.0,male,Bukhara,2022-07-31,48,Medium
213,18,2709.0,Male,Tashkent,2022-08-01,36,Medium
214,31,3577.0,Male,Samarkand,2022-08-02,97,Medium
215,54,1521.0,FEMALE,Bukhara,2022-08-03,72,High
216,23,1488.0,male,Bukhara,2022-08-04,65,Low
217,43,1874.0,FEMALE,Tashkent,2022-08-05,45,High
218,37,1232.0,male,Samarkand,2022-08-06,22,Low
219,42,613.0,Male,Bukhara,2022-08-07,52,Medium
220,45,4195.0,Male,Tashkent,2022-08-08,94,Low
221,43,,male,Bukhara,2022-08-09,20,Medium
222,34,2852.0,Male,Bukhara,2022-08-10,1,Low
223,43,4236.0,male,Samarkand,2022-08-11,12,High
224,37,652.0,male,Samarkand,2022-08-12,40,Medium
225,47,2610.0,Male,Bukhara,2022-08-13,80,Medium
226,31,539.0,Male,Samarkand,2022-08-14,43,Medium
227,58,1708.0,Male,Samarkand,2022-08-15,73,Low
228,51,2526.0,male,Tashkent,2022-08-16,24,High
229,20,1051.0,Male,Bukhara,2022-08-17,17,High
230,33,3516.0,FEMALE,Samarkand,2022-08-18,32,Low
231,30,,FEMALE,Bukhara,2022-08-19,22,High
232,23,2795.0,FEMALE,Bukhara,2022-08-20,80,Medium
233,57,2204.0,male,Samarkand,2022-08-21,67,Low
234,34,2423.0,male,Samarkand,2022-08-22,76,Medium
235,28,4334.0,male,Tashkent,2022-08-23,70,Low
236,24,3392.0,Male,Samarkand,2022-08-24,85,High
237,37,2270.0,male,Bukhara,2022-08-25,81,Medium
238,39,4435.0,Male,Bukhara,2022-08-26,95,Medium
239,57,3239.0,FEMALE,Tashkent,2022-08-27,69,Medium
240,23,1614.0,FEMALE,Bukhara,2022-08-28,62,High
241,32,,Male,Bukhara,2022-08-29,91,Medium
242,19,2323.0,Male,Tashkent,2022-08-30,65,Low
243,31,3455.0,male,Tashkent,2022-08-31,25,High
244,56,3324.0,male,Tashkent,2022-09-01,42,Medium
245,32,4924.0,male,Bukhara,2022-09-02,17,Low
246,58,3088.0,male,Samarkand,2022-09-03,9,Low
247,33,3493.0,Male,Tashkent,2022-09-04,31,High
248,41,1309.0,male,Samarkand,2022-09-05,45,Medium
249,21,2410.0,male,Bukhara,2022-09-06,34,High
250,26,3766.0,Male,Samarkand,2022-09-07,74,Low
251,53,,Male,Tashkent,2022-09-08,35,Low
252,18,2831.0,male,Bukhara,2022-09-09,6,Low
253,24,1053.0,FEMALE,Tashkent,2022-09-10,66,Medium
254,53,3886.0,Male,Samarkand,2022-09-11,33,High
255,58,1936.0,Male,Tashkent,2022-09-12,77,Low
256,30,1562.0,male,Samarkand,2022-09-13,93,High
257,38,1134.0,Male,Samarkand,2022-09-14,35,Medium
258,47,3024.0,male,Tashkent,2022-09-15,50,Low
259,39,759.0,Male,Samarkand,2022-09-16,90,High
260,58,993.0,FEMALE,Tashkent,2022-09-17,67,High
261,21,,Male,Bukhara,2022-09-18,13,Low
262,49,570.0,Male,Bukhara,2022-09-19,35,Low
263,31,4317.0,male,Bukhara,2022-09-20,72,Medium
264,23,4254.0,male,Samarkand,2022-09-21,79,Medium
265,29,1430.0,FEMALE,Tashkent,2022-09-22,6,High
266,46,3369.0,FEMALE,Samarkand,2022-09-23,23,High
267,21,2225.0,male,Samarkand,2022-09-24,22,Medium
268,39,4854.0,male,Samarkand,2022-09-25,16,High
269,18,2485.0,male,Samarkand,2022-09-26,92,Medium
270,20,1825.0,FEMALE,Tashkent,2022-09-27,48,Low
271,57,,male,Samarkand,2022-09-28,72,Low
272,34,2129.0,male,Bukhara,2022-09-29,15,Low
273,43,2239.0,FEMALE,Bukhara,2022-09-30,91,High
274,46,3109.0,male,Tashkent,2022-10-01,21,High
275,51,4452.0,Male,Tashkent,2022-10-02,10,Medium
276,47,2359.0,Male,Bukhara,2022-10-03,78,Low
277,56,2305.0,FEMALE,Tashkent,2022-10-04,51,High
278,47,2895.0,male,Samarkand,2022-10-05,65,High
279,36,3264.0,male,Tashkent,2022-10-06,55,Medium
280,57,2057.0,FEMALE,Samarkand,2022-10-07,49,High
281,43,,Male,Bukhara,2022-10-08,15,Medium
282,18,908.0,FEMALE,Bukhara,2022-10-09,7,Medium
283,27,2854.0,FEMALE,Samarkand,2022-10-10,65,Medium
284,52,1310.0,Male,Bukhara,2022-10-11,79,Medium
285,20,3522.0,male,Samarkand,2022-10-12,51,Low
286,54,4606.0,FEMALE,Tashkent,2022-10-13,27,Medium
287,51,2793.0,male,Tashkent,2022-10-14,64,Low
288,40,1293.0,FEMALE,Tashkent,2022-10-15,86,High
289,19,988.0,FEMALE,Tashkent,2022-10-16,58,Low
290,28,2199.0,Male,Bukhara,2022-10-17,10,High
291,54,,FEMALE,Samarkand,2022-10-18,3,Low
292,52,1065.0,FEMALE,Samarkand,2022-10-19,87,Low
293,45,3119.0,FEMALE,Bukhara,2022-10-20,75,High
294,34,2712.0,Male,Samarkand,2022-10-21,79,High
295,20,1612.0,male,Samarkand,2022-10-22,49,Low
296,39,2274.0,FEMALE,Samarkand,2022-10-23,87,High
297,51,567.0,male,Tashkent,2022-10-24,70,Medium
298,33,3082.0,FEMALE,Tashkent,2022-10-25,13,Medium
299,20,4212.0,male,Samarkand,2022-10-26,72,Low
300,57,3661.0,male,Bukhara,2022-10-27,47,Medium
301,24,,FEMALE,Bukhara,2022-10-28,25,High
302,29,3404.0,Male,Tashkent,2022-10-29,10,Medium
303,45,4960.0,male,Samarkand,2022-10-30,89,Medium
304,33,4793.0,FEMALE,Samarkand,2022-10-31,65,Low
305,53,1761.0,male,Bukhara,2022-11-01,54,Low
306,38,2391.0,Male,Samarkand,2022-11-02,84,Low
307,22,2975.0,FEMALE,Samarkand,2022-11-03,4,High
308,53,533.0,male,Samarkand,2022-11-04,11,Medium
309,41,2389.0,FEMALE,Tashkent,2022-11-05,21,Medium
310,56,2585.0,Male,Bukhara,2022-11-06,59,Medium
311,55,,male,Tashkent,2022-11-07,17,Medium
312,21,2856.0,FEMALE,Tashkent,2022-11-08,68,Low
313,48,850.0,male,Samarkand,2022-11-09,72,High
314,52,1031.0,FEMALE,Samarkand,2022-11-10,44,Low
315,21,4698.0,male,Samarkand,2022-11-11,66,High
316,20,2650.0,male,Bukhara,2022-11-12,70,High
317,48,4714.0,Male,Tashkent,2022-11-13,64,Low
318,28,621.0,FEMALE,Bukhara,2022-11-14,87,Medium
319,30,923.0,Male,Bukhara,2022-11-15,56,Medium
320,26,713.0,male,Tashkent,2022-11-16,55,Low
321,56,,FEMALE,Samarkand,2022-11-17,10,High
322,38,3268.0,Male,Samarkand,2022-11-18,75,Medium
323,38,2773.0,FEMALE,Bukhara,2022-11-19,93,Low
324,36,4661.0,FEMALE,Bukhara,2022-11-20,18,High
325,20,3139.0,FEMALE,Bukhara,2022-11-21,43,Medium
326,27,3895.0,male,Tashkent,2022-11-22,52,High
327,34,4439.0,male,Bukhara,2022-11-23,34,Low
328,33,2653.0,Male,Tashkent,2022-11-24,46,High
329,18,1426.0,Male,Tashkent,2022-11-25,37,Medium
330,22,617.0,male,Samarkand,2022-11-26,64,Low
331,38,,Male,Tashkent,2022-11-27,72,Low
332,19,1682.0,male,Bukhara,2022-11-28,69,Medium
333,57,2041.0,FEMALE,Tashkent,2022-11-29,48,Low
334,55,556.0,male,Samarkand,2022-11-30,6,High
335,23,4879.0,Male,Samarkand,2022-12-01,88,High
336,24,843.0,FEMALE,Samarkand,2022-12-02,75,High
337,59,4770.0,male,Bukhara,2022-12-03,39,Medium
338,24,2599.0,male,Samarkand,2022-12-04,36,Low
339,51,3091.0,Male,Bukhara,2022-12-05,7,Medium
340,45,2073.0,Male,Tashkent,2022-12-06,21,Low
341,36,,Male,Tashkent,2022-12-07,43,High
342,46,3487.0,FEMALE,Tashkent,2022-12-08,88,Low
343,49,4715.0,Male,Samarkand,2022-12-09,61,Medium
344,39,4737.0,Male,Bukhara,2022-12-10,38,Low
345,27,2306.0,FEMALE,Bukhara,2022-12-11,66,Low
346,59,3831.0,FEMALE,Tashkent,2022-12-12,3,High
347,47,1799.0,male,Samarkand,2022-12-13,35,Low
348,38,2965.0,male,Tashkent,2022-12-14,23,Low
349,48,3079.0,male,Samarkand,2022-12-15,30,Low
350,38,3140.0,Male,Samarkand,2022-12-16,72,Medium
351,49,,male,Tashkent,2022-12-17,81,High
352,28,1836.0,male,Bukhara,2022-12-18,76,Medium
353,54,3327.0,FEMALE,Samarkand,2022-12-19,2,High
354,27,2590.0,Male,Tashkent,2022-12-20,50,High
355,38,711.0,FEMALE,Tashkent,2022-12-21,91,High
356,56,4973.0,FEMALE,Samarkand,2022-12-22,58,Low
357,43,2817.0,FEMALE,Bukhara,2022-12-23,95,High
358,23,1702.0,male,Tashkent,2022-12-24,35,Medium
359,34,1975.0,FEMALE,Samarkand,2022-12-25,20,High
360,44,3347.0,FEMALE,Tashkent,2022-12-26,39,Medium
361,42,,male,Samarkand,2022-12-27,88,Medium
362,54,4596.0,FEMALE,Samarkand,2022-12-28,77,High
363,59,3677.0,male,Bukhara,2022-12-29,64,High
364,36,3597.0,FEMALE,Bukhara,2022-12-30,85,High
365,19,3145.0,male,Bukhara,2022-12-31,15,Medium
366,50,1076.0,FEMALE,Tashkent,2023-01-01,98,High
367,22,3378.0,male,Samarkand,2023-01-02,4,Medium
368,20,2056.0,Male,Tashkent,2023-01-03,69,Low
369,38,4587.0,Male,Samarkand,2023-01-04,41,Medium
370,38,3756.0,male,Samarkand,2023-01-05,93,High
371,23,,male,Bukhara,2023-01-06,30,Low
372,55,3648.0,male,Tashkent,2023-01-07,48,Medium
373,24,2673.0,male,Samarkand,2023-01-08,25,High
374,22,4995.0,male,Tashkent,2023-01-09,61,High
375,28,1234.0,Male,Tashkent,2023-01-10,17,Low
376,55,3617.0,FEMALE,Bukhara,2023-01-11,42,High
377,19,2459.0,male,Bukhara,2023-01-12,82,Low
378,54,1711.0,male,Bukhara,2023-01-13,4,High
379,28,643.0,Male,Samarkand,2023-01-14,54,Low
380,28,1172.0,FEMALE,Bukhara,2023-01-15,43,Low
381,48,,male,Bukhara,2023-01-16,7,Medium
382,36,1403.0,Male,Bukhara,2023-01-17,31,Low
383,39,3319.0,Male,Bukhara,2023-01-18,59,Low
384,43,3393.0,male,Tashkent,2023-01-19,91,Low
385,57,4941.0,male,Bukhara,2023-01-20,69,Low
386,21,2621.0,Male,Tashkent,2023-01-21,35,High
387,35,2425.0,Male,Bukhara,2023-01-22,10,High
388,31,4616.0,male,Bukhara,2023-01-23,42,Low
389,26,996.0,Male,Bukhara,2023-01-24,67,Low
390,20,1520.0,FEMALE,Samarkand,2023-01-25,10,Medium
391,32,,Male,Samarkand,2023-01-26,64,Medium
392,18,3291.0,Male,Samarkand,2023-01-27,90,Medium
393,32,3693.0,FEMALE,Tashkent,2023-01-28,1,Medium
394,18,4002.0,FEMALE,Tashkent,2023-01-29,64,High
395,59,3380.0,FEMALE,Samarkand,2023-01-30,1,High
396,57,1017.0,FEMALE,Samarkand,2023-01-31,67,Medium
397,45,2595.0,Male,Bukhara,2023-02-01,2,Low
398,34,3134.0,male,Samarkand,2023-02-02,4,Low
399,22,4335.0,male,Bukhara,2023-02-03,66,Low
400,18,2215.0,FEMALE,Samarkand,2023-02-04,69,Low
401,43,,FEMALE,Samarkand,2023-02-05,73,Low
402,27,3465.0,Male,Samarkand,2023-02-06,55,Low
403,43,2638.0,FEMALE,Bukhara,2023-02-07,35,Low
404,20,1516.0,FEMALE,Samarkand,2023-02-08,66,Medium
405,29,3882.0,Male,Tashkent,2023-02-09,48,Medium
406,35,3833.0,FEMALE,Samarkand,2023-02-10,24,High
407,54,623.0,Male,Tashkent,2023-02-11,20,High
408,23,2568.0,Male,Bukhara,2023-02-12,10,Low
409,31,1080.0,Male,Tashkent,2023-02-13,8,Low
410,39,3955.0,FEMALE,Tashkent,2023-02-14,57,High
411,32,,FEMALE,Bukhara,2023-02-15,48,High
412,41,1918.0,male,Samarkand,2023-02-16,29,High
413,18,647.0,FEMALE,Samarkand,2023-02-17,36,High
414,19,2084.0,male,Tashkent,2023-02-18,35,Low
415,19,4882.0,FEMALE,Samarkand,2023-02-19,49,Low
416,31,3947.0,male,Tashkent,2023-02-20,21,Medium
417,59,2297.0,Male,Tashkent,2023-02-21,49,Medium
418,29,3534.0,FEMALE,Samarkand,2023-02-22,22,High
419,57,4188.0,Male,Samarkand,2023-02-23,98,Low
420,18,2684.0,FEMALE,Bukhara,2023-02-24,17,High
421,24,,FEMALE,Tashkent,2023-02-25,13,Low
422,28,4141.0,male,Bukhara,2023-02-26,72,High
423,36,2882.0,male,Bukhara,2023-02-27,87,High
424,41,3717.0,Male,Samarkand,2023-02-28,78,Low
425,27,726.0,male,Bukhara,2023-03-01,66,High
426,48,3175.0,Male,Samarkand,2023-03-02,68,Low
427,22,2592.0,male,Bukhara,2023-03-03,10,High
428,47,2402.0,Male,Samarkand,2023-03-04,47,Low
429,29,1608.0,Male,Samarkand,2023-03-05,58,Medium
430,24,3850.0,male,Bukhara,2023-03-06,88,High
431,25,,male,Bukhara,2023-03-07,80,Medium
432,45,2001.0,FEMALE,Bukhara,2023-03-08,94,Medium
433,40,3407.0,FEMALE,Samarkand,2023-03-09,80,High
434,32,1901.0,FEMALE,Bukhara,2023-03-10,61,High
435,31,3586.0,FEMALE,Samarkand,2023-03-11,86,Medium
436,46,3662.0,FEMALE,Bukhara,2023-03-12,93,Low
437,31,3685.0,FEMALE,Samarkand,2023-03-13,59,High
438,43,4411.0,FEMALE,Bukhara,2023-03-14,29,Low
439,40,3655.0,Male,Samarkand,2023-03-15,68,High
440,23,2953.0,male,Bukhara,2023-03-16,82,Low
441,22,,FEMALE,Bukhara,2023-03-17,74,Medium
442,44,2383.0,FEMALE,Bukhara,2023-03-18,41,High
443,31,731.0,FEMALE,Bukhara,2023-03-19,31,Low
444,19,4573.0,Male,Tashkent,2023-03-20,84,Medium
445,28,691.0,male,Samarkand,2023-03-21,59,High
446,48,3178.0,male,Bukhara,2023-03-22,81,Medium
447,19,2752.0,male,Tashkent,2023-03-23,64,Medium
448,20,2043.0,male,Bukhara,2023-03-24,69,Medium
449,59,708.0,FEMALE,Samarkand,2023-03-25,2,Medium
450,21,780.0,Male,Tashkent,2023-03-26,72,Low
451,44,,male,Bukhara,2023-03-27,27,Low
452,53,1651.0,Male,Bukhara,2023-03-28,2,Low
453,46,4279.0,FEMALE,Tashkent,2023-03-29,75,High
454,46,1861.0,Male,Tashkent,2023-03-30,15,Low
455,18,3481.0,Male,Tashkent,2023-03-31,61,Medium
456,21,2185.0,Male,Samarkand,2023-04-01,31,Medium
457,18,4744.0,FEMALE,Samarkand,2023-04-02,90,Medium
458,33,3747.0,male,Tashkent,2023-04-03,89,Medium
459,41,2020.0,Male,Tashkent,2023-04-04,90,Low
460,59,3013.0,male,Bukhara,2023-04-05,81,Medium
461,58,,male,Tashkent,2023-04-06,69,Low
462,34,2176.0,Male,Bukhara,2023-04-07,91,Low
463,37,3024.0,FEMALE,Bukhara,2023-04-08,84,Low
464,21,4442.0,male,Tashkent,2023-04-09,82,Low
465,34,3910.0,FEMALE,Samarkand,2023-04-10,57,High
466,48,4255.0,male,Bukhara,2023-04-11,73,Medium
467,31,1021.0,FEMALE,Tashkent,2023-04-12,24,Medium
468,49,2252.0,FEMALE,Samarkand,2023-04-13,35,High
469,38,1387.0,FEMALE,Tashkent,2023-04-14,31,Medium
470,42,2518.0,Male,Tashkent,2023-04-15,80,Low
471,37,,male,Tashkent,2023-04-16,52,Low
472,30,871.0,Male,Tashkent,2023-04-17,11,Low
473,24,932.0,Male,Tashkent,2023-04-18,72,High
474,58,2292.0,male,Samarkand,2023-04-19,34,High
475,52,1671.0,Male,Bukhara,2023-04-20,89,High
476,35,1425.0,Male,Samarkand,2023-04-21,16,High
477,47,2469.0,Male,Bukhara,2023-04-22,74,Low
478,34,1380.0,Male,Bukhara,2023-04-23,74,Medium
479,22,3764.0,male,Bukhara,2023-04-24,40,Medium
480,33,4001.0,male,Tashkent,2023-04-25,51,Low
481,43,,Male,Bukhara,2023-04-26,51,High
482,29,3789.0,FEMALE,Tashkent,2023-04-27,39,Medium
483,50,3450.0,FEMALE,Tashkent,2023-04-28,30,Medium
484,41,1061.0,Male,Tashkent,2023-04-29,48,High
485,34,608.0,male,Bukhara,2023-04-30,80,High
486,26,4702.0,male,Tashkent,2023-05-01,12,High
487,53,4549.0,Male,Samarkand,2023-05-02,63,Medium
488,41,2128.0,male,Samarkand,2023-05-03,3,High
489,19,4197.0,FEMALE,Bukhara,2023-05-04,1,Low
490,18,1213.0,Male,Tashkent,2023-05-05,71,Low
491,37,,Male,Tashkent,2023-05-06,66,Medium
492,35,4564.0,Male,Samarkand,2023-05-07,35,High
493,42,3848.0,FEMALE,Tashkent,2023-05-08,39,Medium
494,37,3905.0,male,Tashkent,2023-05-09,54,High
495,27,4297.0,FEMALE,Samarkand,2023-05-10,38,High
496,34,2622.0,male,Tashkent,2023-05-11,66,Low
497,58,3449.0,FEMALE,Bukhara,2023-05-12,44,High
498,58,2347.0,male,Tashkent,2023-05-13,37,Medium
499,45,4817.0,FEMALE,Samarkand,2023-05-14,35,Low
500,59,4798.0,FEMALE,Bukhara,2023-05-15,2,Low
501,22,,male,Tashkent,2023-05-16,12,Low
502,42,4733.0,FEMALE,Bukhara,2023-05-17,47,Low
503,18,4149.0,Male,Tashkent,2023-05-18,50,Medium
504,55,4991.0,Male,Bukhara,2023-05-19,67,Low
505,40,1016.0,Male,Bukhara,2023-05-20,55,Medium
506,45,2402.0,FEMALE,Samarkand,2023-05-21,3,High
507,25,588.0,Male,Samarkand,2023-05-22,82,High
508,51,1067.0,Male,Tashkent,2023-05-23,18,Low
509,48,4745.0,Male,Tashkent,2023-05-24,80,Low
510,22,2394.0,FEMALE,Tashkent,2023-05-25,6,Low
511,38,,FEMALE,Bukhara,2023-05-26,62,Low
512,28,3997.0,male,Samarkand,2023-05-27,99,Medium
513,38,2223.0,male,Samarkand,2023-05-28,31,Low
514,26,4041.0,Male,Tashkent,2023-05-29,54,Low
515,28,1195.0,Male,Tashkent,2023-05-30,50,Low
516,39,2382.0,Male,Bukhara,2023-05-31,39,Low
517,43,2433.0,FEMALE,Bukhara,2023-06-01,74,Medium
518,40,2639.0,male,Tashkent,2023-06-02,63,High
519,33,3024.0,FEMALE,Bukhara,2023-06-03,98,High
520,38,3329.0,male,Samarkand,2023-06-04,9,Low
521,57,,FEMALE,Samarkand,2023-06-05,98,High
522,22,524.0,male,Bukhara,2023-06-06,66,Medium
523,31,3327.0,male,Samarkand,2023-06-07,79,Low
524,20,3442.0,Male,Bukhara,2023-06-08,96,Medium
525,48,4437.0,male,Tashkent,2023-06-09,38,Medium
526,21,646.0,Male,Samarkand,2023-06-10,71,Low
527,22,2275.0,male,Bukhara,2023-06-11,15,Low
528,38,4729.0,male,Bukhara,2023-06-12,89,High
529,22,1876.0,FEMALE,Tashkent,2023-06-13,16,Low
530,21,4514.0,Male,Samarkand,2023-06-14,50,Low
531,47,,FEMALE,Tashkent,2023-06-15,53,Low
532,51,3126.0,Male,Tashkent,2023-06-16,47,High
533,34,3339.0,Male,Bukhara,2023-06-17,15,Low
534,48,2333.0,Male,Samarkand,2023-06-18,55,Medium
535,26,2791.0,Male,Tashkent,2023-06-19,63,Medium
536,30,806.0,FEMALE,Bukhara,2023-06-20,7,Low
537,20,2742.0,Male,Bukhara,2023-06-21,97,Low
538,20,3946.0,Male,Bukhara,2023-06-22,45,Medium
539,55,750.0,male,Tashkent,2023-06-23,18,High
540,25,548.0,Male,Bukhara,2023-06-24,85,Low
541,20,,male,Samarkand,2023-06-25,94,Medium
542,19,559.0,FEMALE,Tashkent,2023-06-26,91,High
543,40,3442.0,FEMALE,Bukhara,2023-06-27,33,High
544,44,906.0,FEMALE,Tashkent,2023-06-28,90,Medium
545,21,2401.0,Male,Bukhara,2023-06-29,66,Low
546,31,804.0,Male,Samarkand,2023-06-30,54,High
547,38,3094.0,FEMALE,Tashkent,2023-07-01,38,High
548,43,4018.0,Male,Samarkand,2023-07-02,42,Low
549,49,2947.0,male,Tashkent,2023-07-03,3,Low
550,43,3736.0,FEMALE,Tashkent,2023-07-04,25,Medium
551,36,,Male,Bukhara,2023-07-05,70,Medium
552,27,568.0,male,Samarkand,2023-07-06,98,Medium
553,50,647.0,FEMALE,Bukhara,2023-07-07,70,Low
554,34,4077.0,male,Tashkent,2023-07-08,75,Low
555,47,1292.0,Male,Bukhara,2023-07-09,89,Medium
556,41,2318.0,Male,Samarkand,2023-07-10,1,Low
557,52,829.0,male,Bukhara,2023-07-11,87,Low
558,38,1306.0,male,Samarkand,2023-07-12,99,High
559,20,977.0,Male,Samarkand,2023-07-13,74,Medium
560,24,2201.0,Male,Samarkand,2023-07-14,82,Medium
561,53,,Male,Tashkent,2023-07-15,69,Medium
562,20,4955.0,Male,Samarkand,2023-07-16,52,High
563,52,790.0,Male,Samarkand,2023-07-17,85,High
564,30,2401.0,Male,Bukhara,2023-07-18,87,High
565,39,4882.0,male,Bukhara,2023-07-19,76,High
566,54,3813.0,Male,Tashkent,2023-07-20,59,High
567,47,914.0,male,Tashkent,2023-07-21,39,Medium
568,59,3613.0,Male,Bukhara,2023-07-22,10,Medium
569,22,2185.0,male,Tashkent,2023-07-23,69,Medium
570,48,4771.0,Male,Bukhara,2023-07-24,90,Medium
571,33,,FEMALE,Tashkent,2023-07-25,35,High
572,43,1733.0,male,Tashkent,2023-07-26,78,Low
573,36,2651.0,male,Samarkand,2023-07-27,3,High
574,55,1577.0,Male,Samarkand,2023-07-28,27,Low
575,36,3639.0,Male,Bukhara,2023-07-29,43,Low
576,36,2334.0,male,Bukhara,2023-07-30,10,Medium
577,25,2994.0,Male,Samarkand,2023-07-31,92,Low
578,25,4690.0,FEMALE,Bukhara,2023-08-01,37,High
579,43,2685.0,FEMALE,Tashkent,2023-08-02,51,Medium
580,42,3809.0,Male,Bukhara,2023-08-03,3,High
581,22,,Male,Tashkent,2023-08-04,46,Medium
582,35,2994.0,Male,Bukhara,2023-08-05,11,High
583,23,589.0,Male,Tashkent,2023-08-06,44,Medium
584,53,2293.0,FEMALE,Tashkent,2023-08-07,58,Low
585,58,2803.0,FEMALE,Samarkand,2023-08-08,1,Medium
586,52,3846.0,FEMALE,Bukhara,2023-08-09,98,Low
587,33,4082.0,male,Bukhara,2023-08-10,91,Medium
588,22,4179.0,male,Bukhara,2023-08-11,60,High
589,32,1592.0,Male,Samarkand,2023-08-12,13,Low
590,52,1119.0,Male,Tashkent,2023-08-13,40,Low
591,25,,Male,Samarkand,2023-08-14,70,Medium
592,56,875.0,Male,Bukhara,2023-08-15,59,Low
593,43,566.0,Male,Samarkand,2023-08-16,54,Low
594,48,1906.0,FEMALE,Bukhara,2023-08-17,56,Low
595,23,4393.0,male,Bukhara,2023-08-18,76,Medium
596,39,3368.0,FEMALE,Samarkand,2023-08-19,37,Medium
597,32,1228.0,Male,Tashkent,2023-08-20,33,Low
598,44,2594.0,male,Tashkent,2023-08-21,88,High
599,52,3941.0,FEMALE,Tashkent,2023-08-22,67,Low
600,26,1809.0,FEMALE,Samarkand,2023-08-23,73,High
601,38,,FEMALE,Bukhara,2023-08-24,8,High
602,40,4835.0,Male,Tashkent,2023-08-25,31,Low
603,39,4289.0,Male,Samarkand,2023-08-26,22,Low
604,45,4837.0,Male,Tashkent,2023-08-27,57,Medium
605,20,2145.0,male,Tashkent,2023-08-28,37,Low
606,57,3783.0,FEMALE,Samarkand,2023-08-29,78,High
607,23,4995.0,male,Bukhara,2023-08-30,31,High
608,59,4457.0,male,Samarkand,2023-08-31,6,Low
609,37,4200.0,FEMALE,Samarkand,2023-09-01,50,Medium
610,59,3070.0,male,Samarkand,2023-09-02,37,Medium
611,32,,FEMALE,Tashkent,2023-09-03,51,Low
612,55,4199.0,FEMALE,Samarkand,2023-09-04,65,Medium
613,45,1253.0,FEMALE,Bukhara,2023-09-05,47,Medium
614,51,2237.0,male,Bukhara,2023-09-06,51,High
615,23,750.0,FEMALE,Bukhara,2023-09-07,54,Medium
616,32,955.0,FEMALE,Bukhara,2023-09-08,85,High
617,38,837.0,male,Tashkent,2023-09-09,27,High
618,31,1032.0,Male,Samarkand,2023-09-10,1,High
619,53,4559.0,male,Samarkand,2023-09-11,67,Medium
620,42,1223.0,Male,Bukhara,2023-09-12,37,Medium
621,27,,male,Tashkent,2023-09-13,86,High
622,39,3465.0,male,Samarkand,2023-09-14,44,Low
623,29,938.0,FEMALE,Tashkent,2023-09-15,8,High
624,48,541.0,Male,Tashkent,2023-09-16,60,Low
625,28,4156.0,male,Tashkent,2023-09-17,78,Medium
626,53,4139.0,FEMALE,Bukhara,2023-09-18,5,High
627,43,3861.0,male,Samarkand,2023-09-19,61,Low
628,20,4955.0,Male,Samarkand,2023-09-20,30,Medium
629,42,1511.0,male,Bukhara,2023-09-21,81,Medium
630,51,3822.0,FEMALE,Tashkent,2023-09-22,18,Medium
631,58,,Male,Tashkent,2023-09-23,93,Medium
632,31,1490.0,FEMALE,Bukhara,2023-09-24,83,Low
633,49,3763.0,FEMALE,Tashkent,2023-09-25,43,Medium
634,21,1497.0,Male,Bukhara,2023-09-26,68,High
635,38,660.0,FEMALE,Bukhara,2023-09-27,28,High
636,37,3329.0,male,Bukhara,2023-09-28,5,High
637,18,1808.0,male,Tashkent,2023-09-29,92,Medium
638,42,4888.0,FEMALE,Samarkand,2023-09-30,16,Medium
639,35,1322.0,FEMALE,Bukhara,2023-10-01,69,Low
640,51,2852.0,male,Samarkand,2023-10-02,29,High
641,45,,Male,Samarkand,2023-10-03,80,Low
642,35,2034.0,Male,Bukhara,2023-10-04,42,Low
643,48,555.0,FEMALE,Tashkent,2023-10-05,16,High
644,26,2978.0,male,Bukhara,2023-10-06,35,High
645,44,2460.0,Male,Bukhara,2023-10-07,47,Low
646,22,2860.0,FEMALE,Samarkand,2023-10-08,59,High
647,29,3017.0,male,Bukhara,2023-10-09,22,High
648,41,3283.0,FEMALE,Tashkent,2023-10-10,96,High
649,37,4783.0,Male,Bukhara,2023-10-11,10,Medium
650,23,4601.0,FEMALE,Bukhara,2023-10-12,70,High
651,46,,male,Tashkent,2023-10-13,15,High
652,27,4235.0,Male,Tashkent,2023-10-14,38,High
653,36,1830.0,male,Tashkent,2023-10-15,43,High
654,43,4784.0,male,Tashkent,2023-10-16,79,High
655,53,3592.0,FEMALE,Bukhara,2023-10-17,90,Medium
656,44,4175.0,FEMALE,Bukhara,2023-10-18,59,High
657,51,4622.0,FEMALE,Tashkent,2023-10-19,38,Medium
658,50,1292.0,Male,Samarkand,2023-10-20,76,Low
659,23,1506.0,Male,Bukhara,2023-10-21,20,High
660,39,2669.0,FEMALE,Tashkent,2023-10-22,79,Low
661,58,,male,Tashkent,2023-10-23,66,High
662,48,4023.0,FEMALE,Bukhara,2023-10-24,26,Medium
663,41,4872.0,FEMALE,Samarkand,2023-10-25,83,High
664,34,4686.0,Male,Samarkand,2023-10-26,31,High
665,23,3322.0,male,Tashkent,2023-10-27,4,Low
666,53,1907.0,FEMALE,Bukhara,2023-10-28,98,High
667,53,4692.0,male,Tashkent,2023-10-29,3,High
668,45,4383.0,male,Samarkand,2023-10-30,45,Medium
669,34,1090.0,Male,Tashkent,2023-10-31,24,Medium
670,56,4319.0,FEMALE,Samarkand,2023-11-01,47,High
671,59,,male,Tashkent,2023-11-02,97,Medium
672,20,4862.0,FEMALE,Bukhara,2023-11-03,71,Medium
673,41,669.0,Male,Tashkent,2023-11-04,44,Medium
674,57,4392.0,male,Bukhara,2023-11-05,97,Medium
675,59,1243.0,FEMALE,Bukhara,2023-11-06,6,High
676,59,4544.0,Male,Tashkent,2023-11-07,32,Medium
677,58,1823.0,Male,Bukhara,2023-11-08,81,High
678,54,1996.0,Male,Bukhara,2023-11-09,12,High
679,20,1444.0,Male,Bukhara,2023-11-10,19,Low
680,23,1045.0,FEMALE,Bukhara,2023-11-11,49,Low
681,49,,male,Bukhara,2023-11-12,53,Medium
682,46,2304.0,Male,Samarkand,2023-11-13,33,High
683,41,2772.0,Male,Tashkent,2023-11-14,99,Low
684,19,1943.0,Male,Samarkand,2023-11-15,48,Medium
685,28,2931.0,Male,Samarkand,2023-11-16,29,Low
686,36,2178.0,Male,Samarkand,2023-11-17,36,Low
687,36,2664.0,Male,Samarkand,2023-11-18,80,High
688,39,4081.0,FEMALE,Tashkent,2023-11-19,90,High
689,38,3892.0,Male,Bukhara,2023-11-20,25,High
690,48,2398.0,male,Tashkent,2023-11-21,76,High
691,53,,male,Samarkand,2023-11-22,58,Low
692,19,1945.0,Male,Samarkand,2023-11-23,66,High
693,51,4894.0,FEMALE,Tashkent,2023-11-24,42,Medium
694,21,3056.0,male,Tashkent,2023-11-25,17,Medium
695,36,2078.0,Male,Bukhara,2023-11-26,33,Low
696,27,3655.0,FEMALE,Bukhara,2023-11-27,88,Medium
697,59,4635.0,FEMALE,Bukhara,2023-11-28,26,Medium
698,55,646.0,Male,Samarkand,2023-11-29,17,Low
699,54,3823.0,male,Bukhara,2023-11-30,1,Medium
700,51,2135.0,Male,Bukhara,2023-12-01,72,Medium
701,24,,FEMALE,Bukhara,2023-12-02,24,High
702,41,3645.0,FEMALE,Tashkent,2023-12-03,92,Medium
703,54,2859.0,Male,Samarkand,2023-12-04,52,High
704,32,2127.0,Male,Samarkand,2023-12-05,98,High
705,22,2768.0,Male,Bukhara,2023-12-06,88,Medium
706,49,2347.0,FEMALE,Bukhara,2023-12-07,26,Low
707,43,4814.0,Male,Tashkent,2023-12-08,48,High
708,23,1716.0,male,Samarkand,2023-12-09,62,Low
709,38,3893.0,Male,Bukhara,2023-12-10,32,Medium
710,21,3028.0,FEMALE,Tashkent,2023-12-11,37,Low
711,38,,FEMALE,Samarkand,2023-12-12,3,Low
712,23,4405.0,male,Bukhara,2023-12-13,81,Low
713,24,1874.0,FEMALE,Bukhara,2023-12-14,46,Medium
714,20,3030.0,FEMALE,Tashkent,2023-12-15,30,High
715,37,2489.0,male,Samarkand,2023-12-16,21,Low
716,39,1227.0,FEMALE,Tashkent,2023-12-17,66,Medium
717,39,935.0,male,Tashkent,2023-12-18,52,High
718,37,1384.0,male,Tashkent,2023-12-19,32,Low
719,42,2776.0,male,Bukhara,2023-12-20,90,Low
720,51,3669.0,Male,Tashkent,2023-12-21,96,Medium
721,37,,male,Tashkent,2023-12-22,13,Low
722,39,4168.0,male,Tashkent,2023-12-23,80,High
723,32,1272.0,FEMALE,Tashkent,2023-12-24,65,Medium
724,23,4173.0,male,Samarkand,2023-12-25,53,Medium
725,52,1301.0,Male,Tashkent,2023-12-26,5,High
726,30,993.0,Male,Bukhara,2023-12-27,16,Low
727,28,967.0,FEMALE,Tashkent,2023-12-28,30,Low
728,39,3505.0,FEMALE,Tashkent,2023-12-29,64,High
729,33,3868.0,FEMALE,Samarkand,2023-12-30,89,High
730,51,2651.0,FEMALE,Tashkent,2023-12-31,23,Low
731,43,,FEMALE,Bukhara,2024-01-01,11,Medium
732,52,3751.0,male,Tashkent,2024-01-02,6,Low
733,56,3506.0,male,Tashkent,2024-01-03,36,Low
734,23,3611.0,FEMALE,Tashkent,2024-01-04,21,Low
735,53,2759.0,FEMALE,Samarkand,2024-01-05,12,Low
736,26,4823.0,FEMALE,Bukhara,2024-01-06,27,High
737,21,636.0,FEMALE,Tashkent,2024-01-07,19,High
738,59,3676.0,male,Tashkent,2024-01-08,34,Medium
739,59,1439.0,FEMALE,Tashkent,2024-01-09,48,High
740,18,2685.0,FEMALE,Bukhara,2024-01-10,32,High
741,42,,male,Bukhara,2024-01-11,80,Medium
742,57,4589.0,male,Samarkand,2024-01-12,23,Medium
743,24,617.0,male,Tashkent,2024-01-13,40,Medium
744,50,990.0,male,Bukhara,2024-01-14,92,Medium
745,34,2757.0,FEMALE,Bukhara,2024-01-15,19,High
746,53,2356.0,FEMALE,Tashkent,2024-01-16,94,Low
747,34,719.0,male,Samarkand,2024-01-17,73,Low
748,42,800.0,Male,Bukhara,2024-01-18,47,High
749,50,1432.0,FEMALE,Tashkent,2024-01-19,66,High
750,58,2067.0,FEMALE,Samarkand,2024-01-20,33,Medium
751,46,,Male,Bukhara,2024-01-21,98,Medium
752,28,1580.0,male,Bukhara,2024-01-22,3,Medium
753,47,911.0,Male,Samarkand,2024-01-23,82,Low
754,55,4890.0,Male,Samarkand,2024-01-24,95,Low
755,58,4527.0,male,Tashkent,2024-01-25,10,Medium
756,42,4699.0,Male,Bukhara,2024-01-26,67,Medium
757,21,4157.0,Male,Samarkand,2024-01-27,90,Medium
758,25,4874.0,male,Samarkand,2024-01-28,36,Low
759,35,1121.0,male,Samarkand,2024-01-29,49,High
760,42,2603.0,FEMALE,Bukhara,2024-01-30,75,Low
761,40,,male,Tashkent,2024-01-31,44,Medium
762,20,2113.0,Male,Bukhara,2024-02-01,48,Medium
763,37,4063.0,Male,Samarkand,2024-02-02,65,High
764,58,1732.0,male,Bukhara,2024-02-03,54,Low
765,18,4508.0,male,Bukhara,2024-02-04,70,Low
766,53,4876.0,FEMALE,Samarkand,2024-02-05,3,High
767,24,4467.0,FEMALE,Bukhara,2024-02-06,22,Medium
768,18,4631.0,Male,Tashkent,2024-02-07,6,High
769,59,4993.0,male,Tashkent,2024-02-08,65,Medium
770,37,2343.0,FEMALE,Tashkent,2024-02-09,94,Medium
771,28,,FEMALE,Samarkand,2024-02-10,39,Low
772,31,4499.0,male,Samarkand,2024-02-11,61,High
773,30,4827.0,FEMALE,Tashkent,2024-02-12,59,Low
774,25,4873.0,male,Bukhara,2024-02-13,7,Medium
775,22,3251.0,FEMALE,Bukhara,2024-02-14,28,Medium
776,44,4917.0,FEMALE,Bukhara,2024-02-15,29,Low
777,40,3870.0,Male,Bukhara,2024-02-16,56,Medium
778,29,4467.0,FEMALE,Tashkent,2024-02-17,12,Low
779,51,4344.0,Male,Tashkent,2024-02-18,34,Medium
780,57,4497.0,Male,Bukhara,2024-02-19,84,Medium
781,31,,FEMALE,Bukhara,2024-02-20,97,Medium
782,30,2095.0,Male,Tashkent,2024-02-21,17,High
783,50,816.0,Male,Tashkent,2024-02-22,75,Medium
784,23,4130.0,Male,Tashkent,2024-02-23,86,High
785,41,1124.0,male,Tashkent,2024-02-24,41,Medium
786,51,4146.0,FEMALE,Bukhara,2024-02-25,84,High
787,59,2641.0,male,Samarkand,2024-02-26,25,High
788,44,2491.0,Male,Bukhara,2024-02-27,49,Medium
789,33,4785.0,male,Bukhara,2024-02-28,25,High
790,18,3643.0,FEMALE,Bukhara,2024-02-29,26,Medium
791,19,,male,Tashkent,2024-03-01,28,Medium
792,44,811.0,Male,Samarkand,2024-03-02,53,Medium
793,30,4563.0,FEMALE,Samarkand,2024-03-03,73,Low
794,34,1808.0,FEMALE,Tashkent,2024-03-04,40,Low
795,57,4846.0,FEMALE,Tashkent,2024-03-05,4,High
796,41,878.0,Male,Samarkand,2024-03-06,33,Low
797,33,3076.0,male,Bukhara,2024-03-07,83,Medium
798,52,2383.0,Male,Tashkent,2024-03-08,32,High
799,48,2256.0,male,Samarkand,2024-03-09,87,Medium
800,50,2266.0,Male,Samarkand,2024-03-10,90,High
801,39,,male,Tashkent,2024-03-11,71,Low
802,40,784.0,male,Tashkent,2024-03-12,90,Low
803,59,4014.0,male,Samarkand,2024-03-13,86,High
804,24,4872.0,Male,Tashkent,2024-03-14,55,High
805,47,3392.0,Male,Samarkand,2024-03-15,18,Medium
806,22,2235.0,FEMALE,Bukhara,2024-03-16,27,Medium
807,19,4444.0,FEMALE,Bukhara,2024-03-17,58,Medium
808,38,1821.0,Male,Tashkent,2024-03-18,58,Low
809,38,1569.0,FEMALE,Tashkent,2024-03-19,92,High
810,56,3823.0,FEMALE,Samarkand,2024-03-20,30,High
811,50,,Male,Bukhara,2024-03-21,99,High
812,56,1621.0,male,Samarkand,2024-03-22,8,Medium
813,21,4316.0,FEMALE,Samarkand,2024-03-23,15,Low
814,37,2389.0,male,Bukhara,2024-03-24,64,Medium
815,50,4736.0,FEMALE,Tashkent,2024-03-25,39,High
816,39,4967.0,male,Tashkent,2024-03-26,89,Medium
817,26,3216.0,male,Bukhara,2024-03-27,61,Low
818,45,2846.0,FEMALE,Samarkand,2024-03-28,22,Medium
819,22,2149.0,male,Bukhara,2024-03-29,99,Low
820,43,4429.0,FEMALE,Samarkand,2024-03-30,25,Low
821,59,,FEMALE,Bukhara,2024-03-31,95,Medium
822,44,1703.0,FEMALE,Samarkand,2024-04-01,31,High
823,56,507.0,Male,Bukhara,2024-04-02,61,High
824,47,4245.0,male,Tashkent,2024-04-03,56,Low
825,34,596.0,FEMALE,Bukhara,2024-04-04,58,Medium
826,46,1372.0,FEMALE,Bukhara,2024-04-05,23,Medium
827,51,2510.0,Male,Bukhara,2024-04-06,59,Medium
828,56,4425.0,male,Tashkent,2024-04-07,76,Medium
829,59,4863.0,male,Bukhara,2024-04-08,7,Medium
830,26,1087.0,male,Bukhara,2024-04-09,94,Medium
831,57,,male,Bukhara,2024-04-10,3,Low
832,37,2087.0,male,Bukhara,2024-04-11,61,Low
833,56,1654.0,Male,Tashkent,2024-04-12,24,Low
834,49,668.0,male,Samarkand,2024-04-13,11,Medium
835,44,1075.0,Male,Samarkand,2024-04-14,80,High
836,55,1751.0,FEMALE,Bukhara,2024-04-15,3,Low
837,35,3264.0,FEMALE,Bukhara,2024-04-16,12,Medium
838,29,3460.0,FEMALE,Bukhara,2024-04-17,41,High
839,19,1998.0,male,Tashkent,2024-04-18,37,Low
840,21,1751.0,Male,Samarkand,2024-04-19,84,Low
841,38,,FEMALE,Bukhara,2024-04-20,70,Low
842,45,2973.0,FEMALE,Tashkent,2024-04-21,89,Low
843,30,3639.0,Male,Tashkent,2024-04-22,60,Low
844,56,1234.0,male,Samarkand,2024-04-23,86,Low
845,52,3003.0,male,Bukhara,2024-04-24,9,Medium
846,42,1508.0,FEMALE,Bukhara,2024-04-25,73,High
847,50,3285.0,male,Samarkand,2024-04-26,11,Low
848,53,2697.0,FEMALE,Bukhara,2024-04-27,98,Low
849,46,551.0,male,Samarkand,2024-04-28,64,Medium
850,49,4455.0,male,Bukhara,2024-04-29,68,High
851,35,,male,Bukhara,2024-04-30,98,High
852,34,1486.0,male,Tashkent,2024-05-01,33,Low
853,45,1273.0,FEMALE,Bukhara,2024-05-02,59,High
854,27,1255.0,FEMALE,Tashkent,2024-05-03,67,High
855,31,3425.0,male,Bukhara,2024-05-04,47,High
856,37,1675.0,male,Tashkent,2024-05-05,58,Medium
857,40,3659.0,Male,Bukhara,2024-05-06,59,Low
858,57,1418.0,male,Bukhara,2024-05-07,75,Medium
859,20,3530.0,male,Tashkent,2024-05-08,4,Low
860,53,2689.0,FEMALE,Tashkent,2024-05-09,25,High
861,55,,FEMALE,Tashkent,2024-05-10,65,Low
862,43,650.0,FEMALE,Bukhara,2024-05-11,99,Low
863,31,3999.0,FEMALE,Tashkent,2024-05-12,96,Low
864,25,4484.0,male,Tashkent,2024-05-13,46,Low
865,27,2609.0,male,Tashkent,2024-05-14,80,Low
866,48,2438.0,FEMALE,Samarkand,2024-05-15,66,High
867,43,4876.0,FEMALE,Tashkent,2024-05-16,12,Medium
868,29,4506.0,male,Bukhara,2024-05-17,54,Medium
869,46,1683.0,male,Bukhara,2024-05-18,54,Low
870,25,3215.0,Male,Samarkand,2024-05-19,53,Low
871,56,,FEMALE,Samarkand,2024-05-20,28,High
872,57,1720.0,male,Bukhara,2024-05-21,5,Medium
873,32,3178.0,Male,Bukhara,2024-05-22,41,Medium
874,59,4288.0,Male,Bukhara,2024-05-23,89,Medium
875,59,4338.0,FEMALE,Samarkand,2024-05-24,14,Medium
876,19,3483.0,male,Bukhara,2024-05-25,27,Medium
877,39,2224.0,Male,Bukhara,2024-05-26,72,Medium
878,40,3191.0,FEMALE,Samarkand,2024-05-27,90,Medium
879,47,2191.0,male,Tashkent,2024-05-28,4,Medium
880,47,774.0,male,Samarkand,2024-05-29,93,High
881,25,,Male,Tashkent,2024-05-30,13,High
882,49,2206.0,male,Tashkent,2024-05-31,90,High
883,33,1174.0,FEMALE,Samarkand,2024-06-01,82,Medium
884,23,1091.0,male,Samarkand,2024-06-02,21,High
885,57,4056.0,Male,Tashkent,2024-06-03,45,High
886,52,1601.0,FEMALE,Samarkand,2024-06-04,93,Medium
887,31,1311.0,Male,Tashkent,2024-06-05,69,Medium
888,35,1803.0,male,Samarkand,2024-06-06,71,Medium
889,25,2232.0,male,Samarkand,2024-06-07,84,Low
890,52,2675.0,male,Bukhara,2024-06-08,16,Low
891,58,,FEMALE,Samarkand,2024-06-09,96,High
892,21,1962.0,Male,Tashkent,2024-06-10,80,Medium
893,35,3200.0,Male,Tashkent,2024-06-11,69,High
894,21,4628.0,Male,Tashkent,2024-06-12,86,High
895,38,1715.0,FEMALE,Tashkent,2024-06-13,38,Medium
896,36,797.0,FEMALE,Samarkand,2024-06-14,25,Low
897,44,2499.0,Male,Tashkent,2024-06-15,14,Medium
898,19,3477.0,Male,Tashkent,2024-06-16,45,Medium
899,46,2730.0,male,Bukhara,2024-06-17,84,Medium
900,32,1403.0,Male,Tashkent,2024-06-18,97,Low
901,42,,FEMALE,Samarkand,2024-06-19,17,High
902,27,3420.0,male,Bukhara,2024-06-20,44,Medium
903,29,3795.0,Male,Samarkand,2024-06-21,70,Low
904,59,4280.0,male,Bukhara,2024-06-22,78,High
905,25,3452.0,male,Samarkand,2024-06-23,86,Medium
906,30,1452.0,FEMALE,Samarkand,2024-06-24,3,Low
907,22,1175.0,male,Samarkand,2024-06-25,7,Low
908,46,778.0,Male,Tashkent,2024-06-26,34,Low
909,58,3504.0,Male,Bukhara,2024-06-27,89,High
910,36,4759.0,FEMALE,Tashkent,2024-06-28,23,High
911,51,,male,Tashkent,2024-06-29,54,Medium
912,32,2043.0,FEMALE,Tashkent,2024-06-30,96,Medium
913,32,1955.0,FEMALE,Samarkand,2024-07-01,38,Low
914,43,580.0,male,Tashkent,2024-07-02,60,Low
915,52,3776.0,male,Bukhara,2024-07-03,22,High
916,23,2362.0,FEMALE,Samarkand,2024-07-04,38,Medium
917,44,1488.0,male,Tashkent,2024-07-05,25,Low
918,55,3390.0,male,Samarkand,2024-07-06,99,Medium
919,58,4430.0,FEMALE,Bukhara,2024-07-07,5,Low
920,23,2650.0,FEMALE,Bukhara,2024-07-08,7,Low
921,34,,Male,Tashkent,2024-07-09,5,High
922,31,4301.0,FEMALE,Tashkent,2024-07-10,86,Medium
923,22,572.0,Male,Bukhara,2024-07-11,88,Low
924,42,1617.0,Male,Bukhara,2024-07-12,32,Medium
925,48,2046.0,male,Bukhara,2024-07-13,65,Low
926,42,3535.0,male,Bukhara,2024-07-14,35,Medium
927,51,3264.0,Male,Tashkent,2024-07-15,60,Medium
928,46,1771.0,male,Tashkent,2024-07-16,4,Medium
929,40,4423.0,male,Tashkent,2024-07-17,60,Medium
930,44,1710.0,FEMALE,Samarkand,2024-07-18,24,Low
931,57,,FEMALE,Tashkent,2024-07-19,49,High
932,50,4461.0,male,Bukhara,2024-07-20,25,High
933,47,1490.0,male,Tashkent,2024-07-21,61,Low
934,48,3923.0,FEMALE,Samarkand,2024-07-22,50,Medium
935,33,4504.0,male,Bukhara,2024-07-23,77,Medium
936,48,1321.0,FEMALE,Samarkand,2024-07-24,53,Medium
937,45,1887.0,FEMALE,Tashkent,2024-07-25,98,Medium
938,40,583.0,FEMALE,Tashkent,2024-07-26,10,High
939,59,645.0,FEMALE,Samarkand,2024-07-27,3,Low
940,31,2508.0,male,Tashkent,2024-07-28,86,Low
941,41,,FEMALE,Samarkand,2024-07-29,26,High
942,39,4611.0,Male,Samarkand,2024-07-30,11,Low
943,21,3699.0,FEMALE,Bukhara,2024-07-31,2,High
944,29,1820.0,Male,Samarkand,2024-08-01,71,Medium
945,28,2091.0,Male,Samarkand,2024-08-02,28,High
946,22,4722.0,FEMALE,Tashkent,2024-08-03,34,High
947,44,2156.0,Male,Tashkent,2024-08-04,63,Low
948,53,3466.0,male,Bukhara,2024-08-05,6,Medium
949,51,3612.0,Male,Bukhara,2024-08-06,76,High
950,55,2764.0,FEMALE,Bukhara,2024-08-07,38,High
951,43,,Male,Bukhara,2024-08-08,23,Low
952,21,2781.0,FEMALE,Samarkand,2024-08-09,87,High
953,25,4648.0,male,Samarkand,2024-08-10,74,Medium
954,55,2163.0,Male,Tashkent,2024-08-11,12,Low
955,47,3078.0,FEMALE,Samarkand,2024-08-12,91,High
956,58,4844.0,Male,Samarkand,2024-08-13,63,Low
957,20,2934.0,FEMALE,Tashkent,2024-08-14,28,High
958,33,2709.0,Male,Tashkent,2024-08-15,61,High
959,47,1234.0,male,Samarkand,2024-08-16,86,Low
960,32,2060.0,FEMALE,Samarkand,2024-08-17,52,Low
961,20,,FEMALE,Bukhara,2024-08-18,75,Medium
962,32,1113.0,FEMALE,Samarkand,2024-08-19,68,Low
963,50,2303.0,Male,Tashkent,2024-08-20,24,Low
964,33,3089.0,FEMALE,Samarkand,2024-08-21,84,Medium
965,37,3832.0,FEMALE,Tashkent,2024-08-22,47,Medium
966,26,4266.0,male,Samarkand,2024-08-23,6,Low
967,18,4399.0,male,Bukhara,2024-08-24,30,Medium
968,18,896.0,male,Tashkent,2024-08-25,28,Low
969,41,4858.0,FEMALE,Bukhara,2024-08-26,40,High
970,32,4022.0,male,Samarkand,2024-08-27,51,Low
971,26,,male,Samarkand,2024-08-28,79,Medium
972,47,3430.0,Male,Tashkent,2024-08-29,24,Low
973,38,3639.0,male,Samarkand,2024-08-30,87,Medium
974,43,3600.0,male,Tashkent,2024-08-31,78,High
975,29,1792.0,male,Tashkent,2024-09-01,54,Medium
976,43,893.0,FEMALE,Samarkand,2024-09-02,75,High
977,42,578.0,FEMALE,Tashkent,2024-09-03,26,High
978,57,3154.0,Male,Tashkent,2024-09-04,48,Medium
979,36,4945.0,male,Samarkand,2024-09-05,99,High
980,21,626.0,male,Bukhara,2024-09-06,77,Low
981,24,,FEMALE,Samarkand,2024-09-07,64,Medium
982,54,3158.0,male,Tashkent,2024-09-08,96,Medium
983,46,3518.0,Male,Tashkent,2024-09-09,14,Medium
984,51,1070.0,male,Bukhara,2024-09-10,80,High
985,25,2689.0,Male,Tashkent,2024-09-11,96,Low
986,46,2013.0,FEMALE,Bukhara,2024-09-12,36,Medium
987,51,2141.0,FEMALE,Bukhara,2024-09-13,89,Low
988,57,3198.0,male,Samarkand,2024-09-14,56,Low
989,59,4564.0,Male,Bukhara,2024-09-15,30,Medium
990,18,3326.0,FEMALE,Bukhara,2024-09-16,69,Low
991,40,,FEMALE,Tashkent,2024-09-17,41,High
992,50,3433.0,male,Bukhara,2024-09-18,75,Medium
993,43,1952.0,Male,Samarkand,2024-09-19,17,Low
994,47,4070.0,Male,Tashkent,2024-09-20,95,High
995,29,1272.0,Male,Samarkand,2024-09-21,17,Medium
996,30,2264.0,FEMALE,Tashkent,2024-09-22,66,High
997,19,4826.0,male,Bukhara,2024-09-23,90,Medium
998,44,3229.0,FEMALE,Bukhara,2024-09-24,91,Low
999,56,1689.0,Male,Tashkent,2024-09-25,52,High
1000,34,3522.0,Male,Bukhara,2024-09-26,18,Low
1,29,,FEMALE,Bukhara,2022-01-01,19,Low
2,55,2180.0,FEMALE,Bukhara,2022-01-02,13,Low
3,43,2832.0,male,Tashkent,2022-01-03,2,Low
4,29,4220.0,FEMALE,Samarkand,2022-01-04,56,High
5,34,642.0,Male,Bukhara,2022-01-05,82,Medium
6,48,4456.0,male,Bukhara,2022-01-06,65,Medium
7,52,3844.0,FEMALE,Bukhara,2022-01-07,56,Medium
8,30,3932.0,FEMALE,Bukhara,2022-01-08,88,Medium
9,57,3149.0,FEMALE,Samarkand,2022-01-09,44,High
10,51,821.0,FEMALE,Samarkand,2022-01-10,58,Medium
